John,627
John,869
Mary,803
Mary,279
Mel,2
Mel,538
Bob,388
Mel,324
John,437
Bob,704
John,108
Mel,755
Jessica,936
John,787
Mary,316
Bob,401
Bob,607
Mary,102
Mel,339
Mel,666
Mary,64
Jessica,414
Bob,736
Jessica,786
Mary,148
John,316
Bob,647
Mel,309
Mary,594
John,241
Jessica,376
Bob,245
Mary,525
Bob,322
Jessica,987
John,846
Jessica,96
Mary,788
John,837
John,390
Mel,18
Bob,603
Bob,473
Bob,46
Mel,117
Mary,160
Mel,98
Mel,80
Mel,49
Bob,855
Mary,165
Mary,67
Bob,87
Mary,206
Mel,398
Mel,66
Mel,429
Bob,847
Mary,507
Bob,471
Mel,615
John,675
Mel,188
John,904
Mel,584
Mel,95
Mel,342
Jessica,238
Mary,120
Mary,164
Mary,455
John,741
Mel,730
Mary,132
John,36
Bob,36
Mel,80
John,317
Jessica,986
Jessica,23
Mel,143
Jessica,274
John,224
Mary,602
Mary,542
Bob,860
Bob,116
Mary,668
Mary,104
Bob,439
John,66
Bob,992
Mary,140
Mel,419
Mel,812
Jessica,815
Mary,877
Jessica,821
Mel,51
John,92
Jessica,174
Mel,148
John,527
Bob,876
John,393
Bob,642
Mel,645
Jessica,626
John,770
Mel,243
Mel,212
Mel,557
Mel,410
Mel,711
Jessica,251
Jessica,704
Mel,111
John,708
Jessica,867
Mary,494
Bob,598
John,421
Jessica,941
Mel,405
Bob,769
Mary,809
Mary,740
Jessica,25
Mel,174
Mary,343
Jessica,51
John,381
Mary,294
Mary,367
Bob,990
John,245
Mary,450
Mel,581
Mel,7
Mary,519
Mel,18
Bob,328
Mary,752
John,922
John,698
Bob,504
Bob,435
Bob,880
Mary,514
Mel,60
Mel,333
Mary,236
Mel,105
Bob,175
Jessica,690
Jessica,881
John,814
Bob,316
Mary,985
Mel,119
Mary,271
Bob,484
Mary,126
Jessica,95
Mary,859
Jessica,647
Mary,693
Bob,824
Jessica,989
Mel,798
John,437
Mel,795
Bob,768
Mel,327
Mary,516
John,702
John,301
Bob,685
Mary,265
Jessica,299
John,212
Bob,796
Mel,230
Bob,620
John,804
Bob,758
Bob,348
Jessica,374
John,181
John,454
Jessica,361
Bob,558
Mary,433
Jessica,644
Bob,659
Jessica,414
Mel,465
John,578
Mary,48
Bob,527
Mel,43
Mary,53
Jessica,593
Bob,524
Bob,238
Mary,525
Jessica,744
Bob,327
Jessica,546
Mary,714
Jessica,409
Bob,85
Bob,309
Mary,674
Jessica,897
Bob,83
Mel,62
John,178
Jessica,74
Mel,408
Jessica,259
Jessica,410
Mary,204
Mel,284
Mel,282
Mel,148
Bob,296
John,554
John,62
John,107
Jessica,639
Jessica,419
Bob,798
Bob,560
Jessica,336
John,911
Bob,878
Mel,560
John,882
Mary,956
Mary,260
John,598
Mary,733
Mary,386
John,732
Mary,512
Mary,933
Mel,385
Bob,385
Jessica,211
John,216
Jessica,549
Bob,234
John,132
John,842
Jessica,24
Jessica,762
Mary,653
Bob,633
Bob,746
Bob,449
John,638
Mel,114
Mary,557
John,463
John,656
Jessica,601
Mary,430
Mel,244
Jessica,339
Bob,908
Mel,694
Mary,264
Mel,854
John,348
Jessica,178
Mary,787
Mel,147
Jessica,808
Mel,542
Mel,383
Mel,634
Mel,199
Bob,401
Bob,387
Mary,270
Mel,168
John,292
Mel,149
Jessica,91
Mary,368
Mel,552
Jessica,1
Bob,35
Mel,171
Mel,121
John,862
Mary,7
Mel,800
John,626
Bob,591
Mel,849
Bob,201
John,308
Mel,67
John,654
John,16
Mary,572
Mary,562
John,473
Mary,110
Mel,288
Mel,688
Bob,610
Mary,617
Bob,24
Mary,669
Bob,705
Bob,614
Mary,722
Mary,999
Mel,303
Bob,422
Mel,616
Jessica,472
Mary,762
Bob,575
Mary,46
John,889
John,800
Mel,148
Mary,437
Mary,499
Mel,409
Jessica,364
Jessica,913
Mary,470
Jessica,105
Mel,394
Jessica,916
Mary,516
Bob,484
Bob,984
Mary,11
Bob,155
Bob,795
Mary,406
John,641
John,105
Jessica,231
Bob,383
Mary,295
John,728
Jessica,935
Bob,672
Jessica,273
Jessica,131
Jessica,158
Bob,400
Mary,965
John,700
John,331
Bob,162
John,261
John,106
Bob,118
Bob,827
John,186
Bob,422
Bob,258
Bob,110
Jessica,851
Mary,10
Jessica,154
John,868
Jessica,368
Bob,569
Mary,638
Jessica,419
Bob,145
John,903
Mary,687
Mel,374
John,991
Mel,679
Mel,691
Bob,655
Mary,411
Bob,38
Mary,983
Bob,465
Jessica,705
Bob,890
Mary,902
Mary,373
Mary,887
Jessica,173
John,568
John,959
Jessica,992
Mary,24
John,763
Mel,127
Mel,196
Jessica,981
Jessica,143
Mel,179
Bob,891
Bob,543
Mary,631
Mel,626
Mary,292
John,505
Mel,664
Bob,100
Mary,378
John,343
Jessica,364
Bob,475
John,89
Jessica,245
John,138
Jessica,724
Mary,809
Mary,444
Bob,485
Mel,44
Mel,958
Jessica,900
Mary,420
Mel,400
John,110
Jessica,792
Mary,631
Jessica,629
Jessica,238
John,68
Bob,942
Mary,118
Bob,379
Bob,604
Bob,529
Bob,495
Mary,346
John,292
Mary,721
Jessica,144
Jessica,564
Bob,269
Bob,863
John,876
John,755
Bob,338
Bob,445
Mel,236
Mary,382
Bob,165
Mel,523
Mary,31
Bob,296
Jessica,196
Mel,744
John,147
John,100
Mary,755
John,222
John,90
Bob,890
John,787
Mel,738
Bob,414
Jessica,532
Mel,548
John,128
John,26
Mel,768
Bob,878
Jessica,445
Bob,38
Mary,298
Jessica,160
Jessica,578
John,138
Bob,108
Bob,824
Mary,462
John,239
Bob,156
Mel,854
Mary,745
Mary,930
Jessica,336
Jessica,919
Bob,346
Mel,119
Bob,987
Mel,669
Mel,715
Mary,854
Mary,572
Mel,890
John,74
Jessica,292
Jessica,759
Mary,1
Mel,473
Mel,646
Bob,818
Mel,177
Jessica,796
Mel,970
Mel,112
Jessica,62
John,552
Mary,293
Bob,151
Bob,106
Mel,600
Mel,928
Jessica,354
John,347
John,219
Jessica,689
Mary,264
Mary,922
Mary,467
Bob,593
John,400
John,697
John,717
Mary,401
Mel,33
Bob,272
Mel,678
Jessica,269
Mary,674
Mary,563
Mary,931
Mary,976
Mel,555
Bob,22
Mel,671
Bob,222
John,707
John,806
Mel,88
Bob,8
Mel,435
Mel,144
Mary,941
John,486
Mel,501
John,976
Jessica,623
Mel,536
Mary,729
Mel,14
Bob,2
Jessica,241
John,326
John,875
Jessica,623
Bob,473
Jessica,144
Mary,458
Bob,709
Mary,577
John,776
Bob,203
Mel,810
Mary,734
Mary,637
Mel,92
Mel,350
John,11
Mel,412
Bob,877
Jessica,583
Mel,551
Mary,916
Mary,664
Bob,314
Jessica,55
Mel,968
Bob,706
Mel,216
Mary,25
Mary,718
Bob,135
Bob,560
Jessica,466
Mel,13
Bob,366
Mary,842
Mel,482
Mary,30
Bob,81
John,275
Bob,923
Mary,985
Jessica,658
Jessica,587
John,527
Jessica,575
Mary,4
John,325
Mel,692
John,265
Bob,998
Bob,617
Bob,908
Mary,0
Mary,680
John,998
Mary,450
Bob,780
Bob,986
Bob,947
Bob,828
John,485
Jessica,103
Bob,53
Jessica,582
Mary,880
John,710
Mary,15
John,566
Jessica,818
Mary,723
Mary,397
Mel,697
John,950
Bob,576
John,443
Mel,985
John,851
John,7
Jessica,817
John,618
Mel,922
John,504
John,717
Jessica,596
John,724
Mel,705
Mel,55
John,706
John,316
John,347
Mel,631
Mel,497
Jessica,642
Mel,177
Bob,769
Mel,6
John,51
Mary,522
Mel,336
Bob,184
Jessica,159
John,456
Mary,805
Mel,525
Mel,982
Mary,672
Bob,250
Bob,883
John,226
Jessica,209
Jessica,605
John,345
John,920
Bob,656
Jessica,219
Jessica,579
Mel,536
John,952
Bob,359
Mel,540
Jessica,510
Jessica,278
John,269
Mel,7
Mel,69
Mel,406
Mel,974
Mary,50
Mary,814
Mel,416
Mel,28
John,810
Bob,248
Mary,665
John,565
Bob,148
Jessica,651
John,917
Mel,243
Jessica,986
Mel,559
John,381
Bob,779
John,707
John,423
Mary,904
Bob,571
John,244
Mary,711
Mel,8
Mel,417
Mel,782
Mary,884
Bob,531
Bob,3
John,916
Jessica,56
Bob,870
John,47
Mary,838
Bob,575
Mel,21
Mel,424
Mary,269
Mary,815
John,402
Jessica,118
Bob,889
Mel,974
Jessica,229
Mary,823
Bob,145
Jessica,915
Mel,568
Jessica,168
Bob,218
Bob,899
Jessica,848
Mary,564
Mary,378
Mary,487
John,957
Bob,569
Bob,57
Mary,328
Bob,77
Mary,336
Jessica,964
Bob,260
Mel,682
Mary,642
Mel,61
Mel,604
John,475
Bob,625
Jessica,849
Mary,557
Bob,226
Mel,23
Mel,358
Mary,900
Mel,28
Mary,606
Mary,888
John,372
Bob,313
Bob,892
Bob,644
Mel,433
Mary,907
Mel,413
Jessica,234
Bob,504
Mel,992
John,871
Mary,164
Mel,414
John,225
John,251
John,486
John,547
John,297
Bob,290
Mary,362
John,310
Jessica,338
John,616
John,63
Mary,123
Jessica,719
John,326
Mary,651
John,726
Bob,451
John,690
Bob,428
Jessica,439
Bob,808
Mary,548
Mary,9
John,58
Jessica,554
Bob,78
John,266
John,551
Mary,498
Mel,52
Mel,718
Jessica,460
Jessica,215
Mel,941
Jessica,669
Bob,576
John,93
John,643
Mary,380
Bob,928
Bob,260
Bob,623
Mel,820
John,541
Mary,366
Jessica,270
Mary,154
Mary,230
Mary,899
Mary,124
Mary,699
Jessica,165
Bob,23
Mary,423
Mel,673
Mary,630
Mel,838
Bob,471
John,484
Bob,270
Mel,143
Bob,383
John,34
John,773
Bob,319
Jessica,893
John,575
Jessica,456
Jessica,449
John,43
Mel,555
Jessica,145
Jessica,86
Jessica,438
Bob,78
Jessica,38
Jessica,255
Bob,808
Jessica,718
Mel,653
John,729
John,229
Mel,914
Bob,310
Mary,296
Bob,594
Bob,899
Jessica,368
Mary,60
Bob,586
Mel,922
Jessica,862
Bob,85
John,660
Mel,244
Mel,755
John,852
Mel,136
Mel,721
Mary,940
Bob,514
Bob,261
Mel,946
Bob,573
Jessica,616
Jessica,417
Bob,820
Jessica,669
Mary,525
Mel,670
Mel,30
Mary,904
Mary,70
Mary,692
Mel,938
Jessica,794
Mel,272
Mel,328
Jessica,525
Bob,457
Jessica,468
Mel,102
Mel,773
Mary,805
Bob,688
John,186
Jessica,196
Jessica,858
Bob,656
Mel,776
Mel,45
Mel,903
Bob,574
Mary,426
Bob,734
Mary,125
Mary,297
Jessica,558
Mary,201
Mel,299
Mel,17
John,210
Jessica,270
John,903
John,859
Jessica,517
John,484
Bob,275
Bob,232
Bob,464
John,581
Bob,152
John,591
John,602
Mary,173
Bob,90
Mel,243
Bob,322
Mel,919
Jessica,197
John,544
Jessica,544
Mel,599
Mel,328
Jessica,640
Bob,275
Mel,574
John,877
Mary,509
John,591
Mel,585
Mel,488
John,261
John,201
John,818
John,795
Mel,354
Bob,755
Mel,505
Bob,18
Mel,354
Mary,772
Mary,926
Jessica,35
Mel,0
Mel,5
John,443
Bob,84
John,595
John,534
Bob,557
Mel,971
Jessica,641
Mary,451
Jessica,428
Mel,270
Mel,555
John,101
John,334
Bob,211
John,265
Mary,75
John,951
Mary,260
Jessica,812
Bob,389
John,846
Mel,347
John,379
Mary,911
Jessica,619
Mel,500
Bob,989
Mel,438
Mary,484
Mary,799
Bob,366
Bob,959
Mel,321
Bob,772
Mel,552
Mary,901
Bob,605
Jessica,748
